model,MAE,RMSE,R2
baseline_linear,2444.6363976492744,3589.54639604345,0.8263884998258832
ridge,2393.6208717653503,3945.053325050466,0.7902967779041656
lasso,2496.81940854117,4111.744017604667,0.7722011716280534
elasticnet,2388.887574939954,3960.3243417128756,0.7886701436216661
