split,MAE,RMSE,R2
train,531.7938582241577,728.6301343829576,0.9902977271673424
val,2444.636397649265,3589.5463960434304,0.8263884998258851
test,2783.1648824842,4882.289746350901,0.698054990083924
