model,MAE,RMSE,R2
baseline_linear,1960.109456212519,2970.024651006883,0.8811444528851237
ridge,1966.5869073826364,3000.875621742308,0.8786624173270431
lasso,1960.109476019497,2970.0249185040952,0.8811444314755176
elasticnet,1997.373332147339,3118.491128518374,0.8689646800536245
