,MAE,RMSE,R2
linear_baseline_test,2874.216764705846,3988.01383460944,0.7985375691810689
