model,MAE,RMSE,R2
baseline_linear,1960.109456212519,2970.0246510068832,0.8811444528851237
ridge,2393.6208717653503,3945.053325050466,0.7902967779041656
lasso,2496.81940854117,4111.744017604667,0.7722011716280534
elasticnet,2388.887574939954,3960.3243417128756,0.7886701436216661
